id,name,description,amount_type,amount,country_id:id,tax_group_id:id,tax_scope,type_tax_use,price_include,price_include_override,include_base_amount,children_tax_ids:id
tpv_ir_01,"TPV - IR (0 à 2+ ANS, 19.0%)",Impôt sur le revenu associé à la TPV après 0 à 2+ ANS de détention. Base: 19.0% - appliqué à 100% | 0% d'abattement > 19.0%,percent,-19.0,base.fr,fr_gold_taxes.tax_group_tpv,consu,none,False,tax_excluded,False,
tpv_urssaf_01,"TPV - URSSAF (0 à 2+ ANS, 17.2%)",Prélèvements sociaux associé à la TPV après 0 à 2+ ANS de détention. Base: 17.2% - appliqué à 100% | 0% d'abattement > 17.2%,percent,-17.2,base.fr,fr_gold_taxes.tax_group_tpv,consu,none,False,tax_excluded,False,
tpv_group_01,TPV (0 à 2+ ANS),Taxe sur la plus-value après 0 à 2+ ANS de détention d'un bien. Base: 36.2% - appliqué à 100% | 0% d'abattement > 36.2%,group,0.0,base.fr,fr_gold_taxes.tax_group_tpv,consu,sale,False,,False,"fr_gold_taxes.tpv_ir_01,fr_gold_taxes.tpv_urssaf_01"
tpv_ir_02,"TPV - IR (3+ ANS, 18.05%)",Impôt sur le revenu associé à la TPV après 3+ ANS de détention. Base: 19.0% - appliqué à 95% | 5% d'abattement > 18.05%,percent,-18.05,base.fr,fr_gold_taxes.tax_group_tpv,consu,none,False,tax_excluded,False,
tpv_urssaf_02,"TPV - URSSAF (3+ ANS, 16.34%)",Prélèvements sociaux associé à la TPV après 3+ ANS de détention. Base: 17.2% - appliqué à 95% | 5% d'abattement > 16.34%,percent,-16.34,base.fr,fr_gold_taxes.tax_group_tpv,consu,none,False,tax_excluded,False,
tpv_group_02,TPV (3+ ANS),Taxe sur la plus-value après 3+ ANS de détention d'un bien. Base: 36.2% - appliqué à 95% | 5% d'abattement > 34.39%,group,0.0,base.fr,fr_gold_taxes.tax_group_tpv,consu,sale,False,,False,"fr_gold_taxes.tpv_ir_02,fr_gold_taxes.tpv_urssaf_02"
tpv_ir_03,"TPV - IR (4+ ANS, 17.1%)",Impôt sur le revenu associé à la TPV après 4+ ANS de détention. Base: 19.0% - appliqué à 90% | 10% d'abattement > 17.1%,percent,-17.1,base.fr,fr_gold_taxes.tax_group_tpv,consu,none,False,tax_excluded,False,
tpv_urssaf_03,"TPV - URSSAF (4+ ANS, 15.48%)",Prélèvements sociaux associé à la TPV après 4+ ANS de détention. Base: 17.2% - appliqué à 90% | 10% d'abattement > 15.48%,percent,-15.48,base.fr,fr_gold_taxes.tax_group_tpv,consu,none,False,tax_excluded,False,
tpv_group_03,TPV (4+ ANS),Taxe sur la plus-value après 4+ ANS de détention d'un bien. Base: 36.2% - appliqué à 90% | 10% d'abattement > 32.58%,group,0.0,base.fr,fr_gold_taxes.tax_group_tpv,consu,sale,False,,False,"fr_gold_taxes.tpv_ir_03,fr_gold_taxes.tpv_urssaf_03"
tpv_ir_04,"TPV - IR (5+ ANS, 16.15%)",Impôt sur le revenu associé à la TPV après 5+ ANS de détention. Base: 19.0% - appliqué à 85% | 15% d'abattement > 16.15%,percent,-16.15,base.fr,fr_gold_taxes.tax_group_tpv,consu,none,False,tax_excluded,False,
tpv_urssaf_04,"TPV - URSSAF (5+ ANS, 14.62%)",Prélèvements sociaux associé à la TPV après 5+ ANS de détention. Base: 17.2% - appliqué à 85% | 15% d'abattement > 14.62%,percent,-14.62,base.fr,fr_gold_taxes.tax_group_tpv,consu,none,False,tax_excluded,False,
tpv_group_04,TPV (5+ ANS),Taxe sur la plus-value après 5+ ANS de détention d'un bien. Base: 36.2% - appliqué à 85% | 15% d'abattement > 30.77%,group,0.0,base.fr,fr_gold_taxes.tax_group_tpv,consu,sale,False,,False,"fr_gold_taxes.tpv_ir_04,fr_gold_taxes.tpv_urssaf_04"
tpv_ir_05,"TPV - IR (6+ ANS, 15.2%)",Impôt sur le revenu associé à la TPV après 6+ ANS de détention. Base: 19.0% - appliqué à 80% | 20% d'abattement > 15.2%,percent,-15.2,base.fr,fr_gold_taxes.tax_group_tpv,consu,none,False,tax_excluded,False,
tpv_urssaf_05,"TPV - URSSAF (6+ ANS, 13.76%)",Prélèvements sociaux associé à la TPV après 6+ ANS de détention. Base: 17.2% - appliqué à 80% | 20% d'abattement > 13.76%,percent,-13.76,base.fr,fr_gold_taxes.tax_group_tpv,consu,none,False,tax_excluded,False,
tpv_group_05,TPV (6+ ANS),Taxe sur la plus-value après 6+ ANS de détention d'un bien. Base: 36.2% - appliqué à 80% | 20% d'abattement > 28.96%,group,0.0,base.fr,fr_gold_taxes.tax_group_tpv,consu,sale,False,,False,"fr_gold_taxes.tpv_ir_05,fr_gold_taxes.tpv_urssaf_05"
tpv_ir_06,"TPV - IR (7+ ANS, 14.25%)",Impôt sur le revenu associé à la TPV après 7+ ANS de détention. Base: 19.0% - appliqué à 75% | 25% d'abattement > 14.25%,percent,-14.25,base.fr,fr_gold_taxes.tax_group_tpv,consu,none,False,tax_excluded,False,
tpv_urssaf_06,"TPV - URSSAF (7+ ANS, 12.9%)",Prélèvements sociaux associé à la TPV après 7+ ANS de détention. Base: 17.2% - appliqué à 75% | 25% d'abattement > 12.9%,percent,-12.9,base.fr,fr_gold_taxes.tax_group_tpv,consu,none,False,tax_excluded,False,
tpv_group_06,TPV (7+ ANS),Taxe sur la plus-value après 7+ ANS de détention d'un bien. Base: 36.2% - appliqué à 75% | 25% d'abattement > 27.15%,group,0.0,base.fr,fr_gold_taxes.tax_group_tpv,consu,sale,False,,False,"fr_gold_taxes.tpv_ir_06,fr_gold_taxes.tpv_urssaf_06"
tpv_ir_07,"TPV - IR (8+ ANS, 13.3%)",Impôt sur le revenu associé à la TPV après 8+ ANS de détention. Base: 19.0% - appliqué à 70% | 30% d'abattement > 13.3%,percent,-13.3,base.fr,fr_gold_taxes.tax_group_tpv,consu,none,False,tax_excluded,False,
tpv_urssaf_07,"TPV - URSSAF (8+ ANS, 12.04%)",Prélèvements sociaux associé à la TPV après 8+ ANS de détention. Base: 17.2% - appliqué à 70% | 30% d'abattement > 12.04%,percent,-12.04,base.fr,fr_gold_taxes.tax_group_tpv,consu,none,False,tax_excluded,False,
tpv_group_07,TPV (8+ ANS),Taxe sur la plus-value après 8+ ANS de détention d'un bien. Base: 36.2% - appliqué à 70% | 30% d'abattement > 25.34%,group,0.0,base.fr,fr_gold_taxes.tax_group_tpv,consu,sale,False,,False,"fr_gold_taxes.tpv_ir_07,fr_gold_taxes.tpv_urssaf_07"
tpv_ir_08,"TPV - IR (9+ ANS, 12.35%)",Impôt sur le revenu associé à la TPV après 9+ ANS de détention. Base: 19.0% - appliqué à 65% | 35% d'abattement > 12.35%,percent,-12.35,base.fr,fr_gold_taxes.tax_group_tpv,consu,none,False,tax_excluded,False,
tpv_urssaf_08,"TPV - URSSAF (9+ ANS, 11.18%)",Prélèvements sociaux associé à la TPV après 9+ ANS de détention. Base: 17.2% - appliqué à 65% | 35% d'abattement > 11.18%,percent,-11.18,base.fr,fr_gold_taxes.tax_group_tpv,consu,none,False,tax_excluded,False,
tpv_group_08,TPV (9+ ANS),Taxe sur la plus-value après 9+ ANS de détention d'un bien. Base: 36.2% - appliqué à 65% | 35% d'abattement > 23.53%,group,0.0,base.fr,fr_gold_taxes.tax_group_tpv,consu,sale,False,,False,"fr_gold_taxes.tpv_ir_08,fr_gold_taxes.tpv_urssaf_08"
tpv_ir_09,"TPV - IR (10+ ANS, 11.4%)",Impôt sur le revenu associé à la TPV après 10+ ANS de détention. Base: 19.0% - appliqué à 60% | 40% d'abattement > 11.4%,percent,-11.4,base.fr,fr_gold_taxes.tax_group_tpv,consu,none,False,tax_excluded,False,
tpv_urssaf_09,"TPV - URSSAF (10+ ANS, 10.32%)",Prélèvements sociaux associé à la TPV après 10+ ANS de détention. Base: 17.2% - appliqué à 60% | 40% d'abattement > 10.32%,percent,-10.32,base.fr,fr_gold_taxes.tax_group_tpv,consu,none,False,tax_excluded,False,
tpv_group_09,TPV (10+ ANS),Taxe sur la plus-value après 10+ ANS de détention d'un bien. Base: 36.2% - appliqué à 60% | 40% d'abattement > 21.72%,group,0.0,base.fr,fr_gold_taxes.tax_group_tpv,consu,sale,False,,False,"fr_gold_taxes.tpv_ir_09,fr_gold_taxes.tpv_urssaf_09"
tpv_ir_10,"TPV - IR (11+ ANS, 10.45%)",Impôt sur le revenu associé à la TPV après 11+ ANS de détention. Base: 19.0% - appliqué à 55% | 45% d'abattement > 10.45%,percent,-10.45,base.fr,fr_gold_taxes.tax_group_tpv,consu,none,False,tax_excluded,False,
tpv_urssaf_10,"TPV - URSSAF (11+ ANS, 9.46%)",Prélèvements sociaux associé à la TPV après 11+ ANS de détention. Base: 17.2% - appliqué à 55% | 45% d'abattement > 9.46%,percent,-9.46,base.fr,fr_gold_taxes.tax_group_tpv,consu,none,False,tax_excluded,False,
tpv_group_10,TPV (11+ ANS),Taxe sur la plus-value après 11+ ANS de détention d'un bien. Base: 36.2% - appliqué à 55% | 45% d'abattement > 19.91%,group,0.0,base.fr,fr_gold_taxes.tax_group_tpv,consu,sale,False,,False,"fr_gold_taxes.tpv_ir_10,fr_gold_taxes.tpv_urssaf_10"
tpv_ir_11,"TPV - IR (12+ ANS, 9.5%)",Impôt sur le revenu associé à la TPV après 12+ ANS de détention. Base: 19.0% - appliqué à 50% | 50% d'abattement > 9.5%,percent,-9.5,base.fr,fr_gold_taxes.tax_group_tpv,consu,none,False,tax_excluded,False,
tpv_urssaf_11,"TPV - URSSAF (12+ ANS, 8.6%)",Prélèvements sociaux associé à la TPV après 12+ ANS de détention. Base: 17.2% - appliqué à 50% | 50% d'abattement > 8.6%,percent,-8.6,base.fr,fr_gold_taxes.tax_group_tpv,consu,none,False,tax_excluded,False,
tpv_group_11,TPV (12+ ANS),Taxe sur la plus-value après 12+ ANS de détention d'un bien. Base: 36.2% - appliqué à 50% | 50% d'abattement > 18.1%,group,0.0,base.fr,fr_gold_taxes.tax_group_tpv,consu,sale,False,,False,"fr_gold_taxes.tpv_ir_11,fr_gold_taxes.tpv_urssaf_11"
tpv_ir_12,"TPV - IR (13+ ANS, 8.55%)",Impôt sur le revenu associé à la TPV après 13+ ANS de détention. Base: 19.0% - appliqué à 45% | 55% d'abattement > 8.55%,percent,-8.55,base.fr,fr_gold_taxes.tax_group_tpv,consu,none,False,tax_excluded,False,
tpv_urssaf_12,"TPV - URSSAF (13+ ANS, 7.74%)",Prélèvements sociaux associé à la TPV après 13+ ANS de détention. Base: 17.2% - appliqué à 45% | 55% d'abattement > 7.74%,percent,-7.74,base.fr,fr_gold_taxes.tax_group_tpv,consu,none,False,tax_excluded,False,
tpv_group_12,TPV (13+ ANS),Taxe sur la plus-value après 13+ ANS de détention d'un bien. Base: 36.2% - appliqué à 45% | 55% d'abattement > 16.29%,group,0.0,base.fr,fr_gold_taxes.tax_group_tpv,consu,sale,False,,False,"fr_gold_taxes.tpv_ir_12,fr_gold_taxes.tpv_urssaf_12"
tpv_ir_13,"TPV - IR (14+ ANS, 7.6%)",Impôt sur le revenu associé à la TPV après 14+ ANS de détention. Base: 19.0% - appliqué à 40% | 60% d'abattement > 7.6%,percent,-7.6,base.fr,fr_gold_taxes.tax_group_tpv,consu,none,False,tax_excluded,False,
tpv_urssaf_13,"TPV - URSSAF (14+ ANS, 6.88%)",Prélèvements sociaux associé à la TPV après 14+ ANS de détention. Base: 17.2% - appliqué à 40% | 60% d'abattement > 6.88%,percent,-6.88,base.fr,fr_gold_taxes.tax_group_tpv,consu,none,False,tax_excluded,False,
tpv_group_13,TPV (14+ ANS),Taxe sur la plus-value après 14+ ANS de détention d'un bien. Base: 36.2% - appliqué à 40% | 60% d'abattement > 14.48%,group,0.0,base.fr,fr_gold_taxes.tax_group_tpv,consu,sale,False,,False,"fr_gold_taxes.tpv_ir_13,fr_gold_taxes.tpv_urssaf_13"
tpv_ir_14,"TPV - IR (15+ ANS, 6.65%)",Impôt sur le revenu associé à la TPV après 15+ ANS de détention. Base: 19.0% - appliqué à 35% | 65% d'abattement > 6.65%,percent,-6.65,base.fr,fr_gold_taxes.tax_group_tpv,consu,none,False,tax_excluded,False,
tpv_urssaf_14,"TPV - URSSAF (15+ ANS, 6.02%)",Prélèvements sociaux associé à la TPV après 15+ ANS de détention. Base: 17.2% - appliqué à 35% | 65% d'abattement > 6.02%,percent,-6.02,base.fr,fr_gold_taxes.tax_group_tpv,consu,none,False,tax_excluded,False,
tpv_group_14,TPV (15+ ANS),Taxe sur la plus-value après 15+ ANS de détention d'un bien. Base: 36.2% - appliqué à 35% | 65% d'abattement > 12.67%,group,0.0,base.fr,fr_gold_taxes.tax_group_tpv,consu,sale,False,,False,"fr_gold_taxes.tpv_ir_14,fr_gold_taxes.tpv_urssaf_14"
tpv_ir_15,"TPV - IR (16+ ANS, 5.7%)",Impôt sur le revenu associé à la TPV après 16+ ANS de détention. Base: 19.0% - appliqué à 30% | 70% d'abattement > 5.7%,percent,-5.7,base.fr,fr_gold_taxes.tax_group_tpv,consu,none,False,tax_excluded,False,
tpv_urssaf_15,"TPV - URSSAF (16+ ANS, 5.16%)",Prélèvements sociaux associé à la TPV après 16+ ANS de détention. Base: 17.2% - appliqué à 30% | 70% d'abattement > 5.16%,percent,-5.16,base.fr,fr_gold_taxes.tax_group_tpv,consu,none,False,tax_excluded,False,
tpv_group_15,TPV (16+ ANS),Taxe sur la plus-value après 16+ ANS de détention d'un bien. Base: 36.2% - appliqué à 30% | 70% d'abattement > 10.86%,group,0.0,base.fr,fr_gold_taxes.tax_group_tpv,consu,sale,False,,False,"fr_gold_taxes.tpv_ir_15,fr_gold_taxes.tpv_urssaf_15"
tpv_ir_16,"TPV - IR (17+ ANS, 4.75%)",Impôt sur le revenu associé à la TPV après 17+ ANS de détention. Base: 19.0% - appliqué à 25% | 75% d'abattement > 4.75%,percent,-4.75,base.fr,fr_gold_taxes.tax_group_tpv,consu,none,False,tax_excluded,False,
tpv_urssaf_16,"TPV - URSSAF (17+ ANS, 4.3%)",Prélèvements sociaux associé à la TPV après 17+ ANS de détention. Base: 17.2% - appliqué à 25% | 75% d'abattement > 4.3%,percent,-4.3,base.fr,fr_gold_taxes.tax_group_tpv,consu,none,False,tax_excluded,False,
tpv_group_16,TPV (17+ ANS),Taxe sur la plus-value après 17+ ANS de détention d'un bien. Base: 36.2% - appliqué à 25% | 75% d'abattement > 9.05%,group,0.0,base.fr,fr_gold_taxes.tax_group_tpv,consu,sale,False,,False,"fr_gold_taxes.tpv_ir_16,fr_gold_taxes.tpv_urssaf_16"
tpv_ir_17,"TPV - IR (18+ ANS, 3.8%)",Impôt sur le revenu associé à la TPV après 18+ ANS de détention. Base: 19.0% - appliqué à 20% | 80% d'abattement > 3.8%,percent,-3.8,base.fr,fr_gold_taxes.tax_group_tpv,consu,none,False,tax_excluded,False,
tpv_urssaf_17,"TPV - URSSAF (18+ ANS, 3.44%)",Prélèvements sociaux associé à la TPV après 18+ ANS de détention. Base: 17.2% - appliqué à 20% | 80% d'abattement > 3.44%,percent,-3.44,base.fr,fr_gold_taxes.tax_group_tpv,consu,none,False,tax_excluded,False,
tpv_group_17,TPV (18+ ANS),Taxe sur la plus-value après 18+ ANS de détention d'un bien. Base: 36.2% - appliqué à 20% | 80% d'abattement > 7.24%,group,0.0,base.fr,fr_gold_taxes.tax_group_tpv,consu,sale,False,,False,"fr_gold_taxes.tpv_ir_17,fr_gold_taxes.tpv_urssaf_17"
tpv_ir_18,"TPV - IR (19+ ANS, 2.85%)",Impôt sur le revenu associé à la TPV après 19+ ANS de détention. Base: 19.0% - appliqué à 15% | 85% d'abattement > 2.85%,percent,-2.85,base.fr,fr_gold_taxes.tax_group_tpv,consu,none,False,tax_excluded,False,
tpv_urssaf_18,"TPV - URSSAF (19+ ANS, 2.58%)",Prélèvements sociaux associé à la TPV après 19+ ANS de détention. Base: 17.2% - appliqué à 15% | 85% d'abattement > 2.58%,percent,-2.58,base.fr,fr_gold_taxes.tax_group_tpv,consu,none,False,tax_excluded,False,
tpv_group_18,TPV (19+ ANS),Taxe sur la plus-value après 19+ ANS de détention d'un bien. Base: 36.2% - appliqué à 15% | 85% d'abattement > 5.43%,group,0.0,base.fr,fr_gold_taxes.tax_group_tpv,consu,sale,False,,False,"fr_gold_taxes.tpv_ir_18,fr_gold_taxes.tpv_urssaf_18"
tpv_ir_19,"TPV - IR (20+ ANS, 1.9%)",Impôt sur le revenu associé à la TPV après 20+ ANS de détention. Base: 19.0% - appliqué à 10% | 90% d'abattement > 1.9%,percent,-1.9,base.fr,fr_gold_taxes.tax_group_tpv,consu,none,False,tax_excluded,False,
tpv_urssaf_19,"TPV - URSSAF (20+ ANS, 1.72%)",Prélèvements sociaux associé à la TPV après 20+ ANS de détention. Base: 17.2% - appliqué à 10% | 90% d'abattement > 1.72%,percent,-1.72,base.fr,fr_gold_taxes.tax_group_tpv,consu,none,False,tax_excluded,False,
tpv_group_19,TPV (20+ ANS),Taxe sur la plus-value après 20+ ANS de détention d'un bien. Base: 36.2% - appliqué à 10% | 90% d'abattement > 3.62%,group,0.0,base.fr,fr_gold_taxes.tax_group_tpv,consu,sale,False,,False,"fr_gold_taxes.tpv_ir_19,fr_gold_taxes.tpv_urssaf_19"
tpv_ir_20,"TPV - IR (21+ ANS, 0.95%)",Impôt sur le revenu associé à la TPV après 21+ ANS de détention. Base: 19.0% - appliqué à 5% | 95% d'abattement > 0.95%,percent,-0.95,base.fr,fr_gold_taxes.tax_group_tpv,consu,none,False,tax_excluded,False,
tpv_urssaf_20,"TPV - URSSAF (21+ ANS, 0.86%)",Prélèvements sociaux associé à la TPV après 21+ ANS de détention. Base: 17.2% - appliqué à 5% | 95% d'abattement > 0.86%,percent,-0.86,base.fr,fr_gold_taxes.tax_group_tpv,consu,none,False,tax_excluded,False,
tpv_group_20,TPV (21+ ANS),Taxe sur la plus-value après 21+ ANS de détention d'un bien. Base: 36.2% - appliqué à 5% | 95% d'abattement > 1.81%,group,0.0,base.fr,fr_gold_taxes.tax_group_tpv,consu,sale,False,,False,"fr_gold_taxes.tpv_ir_20,fr_gold_taxes.tpv_urssaf_20"
tpv_ir_21,"TPV - IR (22+ ANS, 0.0%)",Impôt sur le revenu associé à la TPV après 22+ ANS de détention. Base: 19.0% - appliqué à 0% | 100% d'abattement > 0.0%,percent,-0.0,base.fr,fr_gold_taxes.tax_group_tpv,consu,none,False,tax_excluded,False,
tpv_urssaf_21,"TPV - URSSAF (22+ ANS, 0.0%)",Prélèvements sociaux associé à la TPV après 22+ ANS de détention. Base: 17.2% - appliqué à 0% | 100% d'abattement > 0.0%,percent,-0.0,base.fr,fr_gold_taxes.tax_group_tpv,consu,none,False,tax_excluded,False,
tpv_group_21,TPV (22+ ANS),Taxe sur la plus-value après 22+ ANS de détention d'un bien. Base: 36.2% - appliqué à 0% | 100% d'abattement > 0.0%,group,0.0,base.fr,fr_gold_taxes.tax_group_tpv,consu,sale,False,,False,"fr_gold_taxes.tpv_ir_21,fr_gold_taxes.tpv_urssaf_21"
tmp_metaux_precieux,TMP - Métaux Précieux (11.0%),"Taxe Forfaitaire sur les Métaux Précieux (monnaie > 1800JC, or, argent, platine)",division,-11.0,base.fr,tax_group_tmp,consu,none,False,tax_included,False,
tmp_crds,TMP - CRDS (0.5%),Contribution au Remboursement de la Dette Sociale sur la TMP.,division,-0.5,base.fr,tax_group_tmp,consu,none,False,tax_included,False,
tmp_complete,11.5% TMP,Regroupe les taxes à appliquer lors de la revente de métaux précieux.,group,0.0,base.fr,tax_group_tmp,consu,sale,False,,False,"tmp_metaux_precieux,tmp_crds"
tfop_objets_precieux,TFOP - Objets Précieux (6.0%),"Taxe sur les bijoux, objets d'art, de collection et d'antiquité, si montant supérieur à 5000€.",division,-6.0,base.fr,tax_group_tfop,consu,none,False,tax_included,False,
tfop_crds,TFOP - CRDS (0.5%),Contribution au Remboursement de la Dette Sociale sur la TMP.,division,-0.5,base.fr,tax_group_tfop,consu,none,False,tax_included,False,
tfop_complete,6.5% TFOP,Regroupe les taxes à appliquer lors de la revente d'objets précieux si montant supérieur à 5000€.,group,0.0,base.fr,tax_group_tfop,consu,sale,False,,False,"fr_gold_taxes.tfop_objets_precieux,fr_gold_taxes.tfop_crds"
